row_number	crash_date	crash_report_id	crash_time	type_of_collision	collision_type	street_or_highway	nearest_intersection	report_date	type_of_roadway	road_surface_condition	light_condition	weather_condition	manner_of_impact	hit_and_run	traffic_control	person_count	injury_count	most_serious_injury	number_of_vehicles	number_of_lanes	lat_raw	lon_raw	has_st_number	is_intersection_null	address_sent_to_geocoder	is_address_blank	lon_api_first_try	lat_api_first_try	type	loctype	address_returned_by_geocoder	address_returned_by_autocomplete	place_ids_autocompleted	lat_api_second_try	lon_api_second_try	lat_api_best	lon_api_best	distance_btwn_coords_meters
1267	2025-05-10	924219	15:00:00	Vehicle - Pedestrian	Pedestrian	WASHINGTON ST	EMPIRE ST	2025-05-12	Unknown	Dry	Daylight	Clear	Sideswipe, Same Direction	Yes, M/V and Driver Left Scene	Unknown	1	1	Complains Of Pain	1	NA	NA	NA	FALSE	FALSE	Washington Street and Empire Street, Providence, RI, USA	FALSE	-71.4157481	41.8213721	route	geometric_center	empire st, providence, ri 02903, usa	Washington Street & Empire Street, Providence, RI, USA	EjZXYXNoaW5ndG9uIFN0cmVldCAmIEVtcGlyZSBTdHJlZXQsIFByb3ZpZGVuY2UsIFJJLCBVU0EiZiJkChQKEgmNpp3sEkXkiRHnvAEsqcaDvRIUChIJjaad7BJF5IkR57wBLKnGg70aFAoSCanazZwSReSJERoH0JajEjT2GhQKEgnHPO_pEkXkiRGhxI4iuiomFSIKDcuC7RgV0Ldu1Q	41.8218699	-71.4164272	41.8218699	-71.4164272	NA
1269	2025-05-10	924140	00:08:00	Vehicle - Pedestrian	Pedestrian	ATWELLS AVE	BROADWAY	2025-05-10	Two-Way, Divided, Positive Median Barrier	Wet	Dark - Lighted	Rain	Rear End(Front-to-Rear)	No	Traffic Control Signal	3	1	Non-Incapacitating	1	NA	41.82251	-71.41856	FALSE	FALSE	Atwells Ave and Broadway, Providence, RI, USA	FALSE	-71.41849049999999	41.8224275	intersection	geometric_center	atwells ave & broadway, providence, ri 02903, usa	NA	NA	NA	NA	41.8224275	-71.41849049999999	10.84362921355293
1305	2025-05-09	924134	15:01:00	Vehicle - Pedestrian	Pedestrian	DORRANCE ST	WASHINGTON ST	2025-05-09	Two-Way , Not Divided	Wet	Daylight	Rain	Not a Collision Between Two Motor Vehicles in Transport	No	No Controls	3	1	Complains Of Pain	1	NA	41.82451	-71.41286	FALSE	FALSE	Dorrance Street and Washington Street, Providence, RI, USA	FALSE	-71.4127462	41.8244836	intersection	geometric_center	washington st & dorrance st, providence, ri 02903, usa	NA	NA	NA	NA	41.8244836	-71.4127462	9.887065504137446
1313	2025-05-09	924248	00:15:00	Vehicle - Pedestrian	Pedestrian	LASALLE SQ	NA	2025-05-13	Unknown	Dry	Dark - Unknown Lighting	Clear	Rear End(Front-to-Rear)	Yes, M/V and Driver Left Scene	Unknown	4	0	No Injury	2	NA	NA	NA	FALSE	TRUE	Lasalle Sq, Providence, RI, USA	FALSE	-71.4181735	41.8230003	route	geometric_center	la salle square, providence, ri 02903, usa	NA	NA	NA	NA	41.8230003	-71.4181735	NA
1321	2025-05-08	924097	10:00:00	Vehicle - Pedestrian	Pedestrian	DEAN ST	COTTAGE ST	2025-05-08	Two-Way , Not Divided	Dry	Dawn	Cloudy	Not a Collision Between Two Motor Vehicles in Transport	No	No Controls	4	2	Incapacitating	1	NA	41.82008	-71.42146	FALSE	FALSE	Dean Street and Cottage Street, Providence, RI, USA	FALSE	-71.4242087	41.8234242	route	geometric_center	dean st, providence, ri, usa	NA	NA	NA	NA	41.8234242	-71.4242087	436.5596810684617
1331	2025-05-08	924078	09:20:00	Vehicle - Pedestrian	Pedestrian	BLACKSTONE BLVD	BLACKSTONE BLVD	2025-05-08	Two-Way , Not Divided	Dry	Daylight	Clear	Not a Collision Between Two Motor Vehicles in Transport	No	No Controls	2	1	Complains Of Pain	1	NA	41.84622	-71.38677	FALSE	FALSE	Blackstone Blvd and Blackstone Blvd, Providence, RI, USA	FALSE	-71.3870999	41.8450084	route	geometric_center	blackstone blvd, providence, ri 02906, usa	NA	NA	NA	NA	41.8450084	-71.3870999	137.6212955874507
1351	2025-05-07	924040	11:46:00	Vehicle - Pedestrian	Pedestrian	WOOD STREET	PARADE ST	2025-05-07	Two-Way , Not Divided	Dry	Daylight	Clear	Rear End(Front-to-Rear)	Yes, Driver Left Scene	No Controls	3	0	No Injury	2	NA	41.81267	-71.43242	FALSE	FALSE	Wood Street and Parade Street, Providence, RI, USA	FALSE	-71.4314879	41.8127558	intersection	geometric_center	wood st & parade st, providence, ri 02909, usa	NA	NA	NA	NA	41.8127558	-71.4314879	77.9234807588431
1374	2025-05-06	923991	09:38:00	Vehicle - Pedestrian	Pedestrian	DEAN ST	WEST ST	2025-05-06	Unknown	Wet	Daylight	Cloudy	Rear - to - Side	No	No Controls	3	0	No Injury	2	NA	NA	NA	FALSE	FALSE	Dean Street and West Street, Providence, RI, USA	FALSE	-71.42163769999999	41.82031689999999	intersection	geometric_center	west st & dean st, providence, ri 02903, usa	NA	NA	NA	NA	41.82031689999999	-71.42163769999999	NA
1430	2025-05-04	923920	16:26:00	Vehicle - Pedestrian	Bicycle	WARRINGTON ST	EMERSON ST	2025-05-04	Two-Way , Not Divided	Dry	Daylight	Clear	Not a Collision Between Two Motor Vehicles in Transport	No	No Controls	3	1	Complains Of Pain	1	NA	41.79667	-71.41277	FALSE	FALSE	Warrington Street and Emerson Street, Providence, RI, USA	FALSE	-71.4150086	41.7960247	intersection	geometric_center	warrington st & emerson st, providence, ri 02907, usa	NA	NA	NA	NA	41.7960247	-71.4150086	199.1871956969765
1436	2025-05-04	923912	15:54:00	Vehicle - Pedestrian	Pedestrian	S WATER ST	POINT ST	2025-05-04	Two-Way , Not Divided	Dry	Daylight	Clear	Angle (Front - to - Side) Right Angle (Includes Broadside)	No	No Controls	3	0	No Injury	1	NA	41.81864	-71.4017	FALSE	FALSE	S Water Street and Point Street, Providence, RI, USA	FALSE	-71.40187759999999	41.8187542	intersection	geometric_center	s water st & point st, providence, ri 02903, usa	NA	NA	NA	NA	41.8187542	-71.40187759999999	19.46030716831863
1503	2025-05-02	923833	10:59:00	Vehicle - Pedestrian	Pedestrian	ZONE ST	CHALKSTONE AVE	2025-05-02	Two-Way , Not Divided	Dry	Daylight	Clear	Not a Collision Between Two Motor Vehicles in Transport	No	No Controls	3	1	Complains Of Pain	1	NA	41.83475	-71.42755	FALSE	FALSE	Zone Street and Chalkstone Ave, Providence, RI, USA	FALSE	-71.4275304	41.83477	intersection	geometric_center	zone st & chalkstone ave, providence, ri 02908, usa	NA	NA	NA	NA	41.83477	-71.4275304	2.756724034484319
1512	2025-05-02	924016	20:56:00	Vehicle - Pedestrian	Pedestrian	HAMILTON ST	LAURA ST	2025-05-06	Two-Way , Not Divided	Dry	Dark - Lighted	Clear	Rear End(Front-to-Rear)	Yes, M/V and Driver Left Scene	No Controls	2	0	Unknown	2	NA	41.80115	-71.42223	FALSE	FALSE	Hamilton Street and Laura Street, Providence, RI, USA	FALSE	-71.4222645	41.801231	intersection	geometric_center	hamilton st & laura st, providence, ri 02907, usa	NA	NA	NA	NA	41.801231	-71.4222645	9.460479161703082
1533	2025-05-01	923787	07:46:00	Vehicle - Pedestrian	Pedestrian	ROCHAMBEAU AVE	BLACKSTONE BLVD	2025-05-01	Two-Way, Divided, Positive Median Barrier	Dry	Dawn	Clear	Not a Collision Between Two Motor Vehicles in Transport	No	No Controls	2	1	Complains Of Pain	1	NA	41.84556	-71.38674	FALSE	FALSE	Rochambeau Ave and Blackstone Blvd, Providence, RI, USA	FALSE	-71.3867593	41.84556509999999	intersection	geometric_center	blackstone blvd & rochambeau ave, providence, ri 02906, usa	NA	NA	NA	NA	41.84556509999999	-71.3867593	1.6982011445923386
1542	2025-05-01	923785	00:09:00	Vehicle - Pedestrian	Pedestrian	DOUGLAS AVE	CHALKSTONE AVE	2025-05-01	Two-Way , Not Divided	Dry	Dark - Lighted	Clear	Not a Collision Between Two Motor Vehicles in Transport	Yes, M/V and Driver Left Scene	No Controls	2	1	Complains Of Pain	1	NA	41.83636	-71.42038	FALSE	FALSE	Douglas Ave and Chalkstone Ave, Providence, RI, USA	FALSE	-71.4202667	41.8363328	intersection	geometric_center	chalkstone ave & douglas ave, providence, ri 02908, usa	NA	NA	NA	NA	41.8363328	-71.4202667	9.872758086971684
1552	2025-04-30	923796	16:12:00	Vehicle - Pedestrian	Pedestrian	WASHINGTON ST	EMPIRE ST	2025-05-01	Two-Way, Divided, Unprotected (painted>4feet) Medium	Dry	Daylight	Clear	Not a Collision Between Two Motor Vehicles in Transport	No	Traffic Control Signal	3	0	No Injury	1	NA	41.82182	-71.41645	FALSE	FALSE	Washington Street and Empire Street, Providence, RI, USA	FALSE	-71.4157481	41.8213721	route	geometric_center	empire st, providence, ri 02903, usa	Washington Street & Empire Street, Providence, RI, USA	EjZXYXNoaW5ndG9uIFN0cmVldCAmIEVtcGlyZSBTdHJlZXQsIFByb3ZpZGVuY2UsIFJJLCBVU0EiZiJkChQKEgmNpp3sEkXkiRHnvAEsqcaDvRIUChIJjaad7BJF5IkR57wBLKnGg70aFAoSCanazZwSReSJERoH0JajEjT2GhQKEgnHPO_pEkXkiRGhxI4iuiomFSIKDcuC7RgV0Ldu1Q	41.8218699	-71.4164272	41.8218699	-71.4164272	5.86803253601497
1560	2025-04-30	923771	16:50:00	Vehicle - Pedestrian	Pedestrian	NARRAGANSETT AVE	ROGER WILLIAMS AVE	2025-04-30	Two-Way , Not Divided	Dry	Daylight	Clear	Sideswipe, Same Direction	No	No Controls	3	3	Complains Of Pain	2	NA	41.78883	-71.42363	FALSE	FALSE	Narragansett Ave and Roger Williams Ave, Providence, RI, USA	FALSE	-71.4234687	41.7885148	intersection	geometric_center	roger williams ave & narragansett ave, providence, ri 02907, usa	NA	NA	NA	NA	41.7885148	-71.4234687	37.5552893642173
1562	2025-04-30	923773	19:01:00	Vehicle - Pedestrian	Pedestrian	PUBLIC ST	EDDY ST	2025-04-30	Two-Way , Not Divided	Dry	Daylight	Clear	Not a Collision Between Two Motor Vehicles in Transport	No	Traffic Control Signal	3	1	Complains Of Pain	1	NA	41.80731	-71.40725	FALSE	FALSE	Public Street and Eddy Street, Providence, RI, USA	FALSE	-71.4072274	41.8073419	intersection	geometric_center	public st & eddy st, providence, ri 02903, usa	NA	NA	NA	NA	41.8073419	-71.4072274	4.015829662681415
1568	2025-04-30	923753	08:54:00	Vehicle - Pedestrian	Bicycle	BROADWAY	ATWELLS AVE	2025-04-30	Two-Way, Divided, Unprotected (painted>4feet) Medium	Dry	Daylight	Clear	Unknown	Yes, Driver Left Scene	Pavement Markings	3	1	Non-Incapacitating	1	NA	41.8225	-71.41819	FALSE	FALSE	Broadway and Atwells Ave, Providence, RI, USA	FALSE	-71.4363593	41.8244805	route	geometric_center	atwells ave, providence, ri, usa	Broadway & Atwells Ave, Providence, RI, USA	EitCcm9hZHdheSAmIEF0d2VsbHMgQXZlLCBQcm92aWRlbmNlLCBSSSwgVVNBImYiZAoUChIJTTRHew1F5IkRZCoShZCvLQ0SFAoSCU00R3sNReSJEWQqEoWQry0NGhQKEgmlteWGdUXkiREawjOx16RvsxoUChIJ7W1EBqJF5IkRRornUFgoCTQiCg2TmO0YFTdnbtU	41.8224275	-71.41849049999999	41.8224275	-71.41849049999999	26.202448479806595
1629	2025-04-27	923659	19:11:00	Vehicle - Pedestrian	Bicycle	BLACKSTONE BLVD	LAUREL AVE	2025-04-27	Two-Way, Divided, Positive Median Barrier	Dry	Dawn	Clear	Not a Collision Between Two Motor Vehicles in Transport	Yes, M/V and Driver Left Scene	Other	1	1	Complains Of Pain	1	NA	41.83811	-71.3854	FALSE	FALSE	Blackstone Blvd and Laurel Ave, Providence, RI, USA	FALSE	-71.3854333	41.8382317	intersection	geometric_center	blackstone blvd & laurel ave, providence, ri 02906, usa	NA	NA	NA	NA	41.8382317	-71.3854333	13.826223221398804
1635	2025-04-27	923635	00:36:00	Vehicle - Pedestrian	Pedestrian	S WATER ST / PIKE ST	NA	2025-04-27	One-Way Trafficway	Dry	Dark - Lighted	Cloudy	Angle (Front - to - Side) Same Direction	Yes, M/V and Driver Left Scene	No Controls	3	0	No Injury	2	NA	41.81787	-71.40097	FALSE	TRUE	S Water Street / Pike Street, Providence, RI, USA	FALSE	-71.4008269	41.8177208	intersection	geometric_center	s water st & pike st, providence, ri 02903, usa	NA	NA	NA	NA	41.8177208	-71.4008269	20.415652569205232
1642	2025-04-27	923652	13:23:00	Vehicle - Pedestrian	Bicycle	1 BODELL AVE	ETNA ST	2025-04-27	Two-Way , Not Divided	Dry	Daylight	Clear	Not a Collision Between Two Motor Vehicles in Transport	No	No Controls	3	1	Complains Of Pain	1	NA	41.81661	-71.45223	TRUE	FALSE	1 Bodell Ave, Providence, RI, USA	FALSE	-71.4513655	41.816847	premise	rooftop	1 bodell ave, providence, ri 02909, usa	NA	NA	NA	NA	41.816847	-71.4513655	76.42113426397383
1643	2025-04-27	923653	09:05:00	Vehicle - Pedestrian	Pedestrian	Roosevelt St	WEBSTER AVE	2025-04-27	Two-Way , Not Divided	Unknown	Unknown	Clear	Unknown	Yes, M/V and Driver Left Scene	No Controls	2	0	Unknown	2	NA	41.81141	-71.44906	FALSE	FALSE	Roosevelt Street and Webster Ave, Providence, RI, USA	FALSE	-71.44963179999999	41.8112807	intersection	geometric_center	webster ave & roosevelt st, providence, ri 02909, usa	NA	NA	NA	NA	41.8112807	-71.44963179999999	49.57836277207649
1686	2025-04-25	923584	09:47:00	Vehicle - Pedestrian	Bicycle	AUTUMN ST	EDDY ST	2025-04-25	Two-Way , Not Divided	Dry	Daylight	Clear	Not a Collision Between Two Motor Vehicles in Transport	No	No Controls	2	1	Complains Of Pain	1	NA	41.80098	-71.4061	FALSE	FALSE	Autumn Street and Eddy Street, Providence, RI, USA	FALSE	-71.406126	41.8010017	intersection	geometric_center	autumn st & eddy st, providence, ri 02905, usa	NA	NA	NA	NA	41.8010017	-71.406126	3.2389091784282944
1697	2025-04-25	923600	22:11:00	Vehicle - Pedestrian	Bicycle	PINE ST	CHESTNUT ST	2025-04-25	One-Way Trafficway	Dry	Dark - Lighted	Cloudy	Not a Collision Between Two Motor Vehicles in Transport	No	No Controls	3	1	Non-Incapacitating	1	NA	41.81944	-71.41294	FALSE	FALSE	Pine Street and Chestnut Street, Providence, RI, USA	FALSE	-71.4108051	41.8185205	route	geometric_center	chestnut st, providence, ri, usa	NA	NA	NA	NA	41.8185205	-71.4108051	204.564677334767
1703	2025-04-24	923545	08:20:00	Vehicle - Pedestrian	Bicycle	60 VALLEY ST	SCHOOL ST	2025-04-24	Two-Way, Divided, Unprotected (painted>4feet) Medium	Dry	Daylight	Clear	Not a Collision Between Two Motor Vehicles in Transport	No	No Controls	2	1	Non-Incapacitating	1	NA	41.81896	-71.44059	TRUE	FALSE	60 Valley Street, Providence, RI, USA	FALSE	-71.44164719999999	41.8184676	premise	rooftop	60 valley st, providence, ri 02909, usa	NA	NA	NA	NA	41.8184676	-71.44164719999999	103.42675461595222
1714	2025-04-24	923568	20:28:00	Vehicle - Pedestrian	Pedestrian	UNION AVE	WAVERLY ST	2025-04-24	Two-Way , Not Divided	Dry	Dark - Lighted	Clear	Angle (Front - to - Side) Opposite Direction	No	No Controls	4	2	Complains Of Pain	3	NA	41.8095	-71.43755	FALSE	FALSE	Union Ave and Waverly Street, Providence, RI, USA	FALSE	-71.4371504	41.8096104	intersection	geometric_center	union ave & waverly st, providence, ri 02909, usa	NA	NA	NA	NA	41.8096104	-71.4371504	35.3606260211027
1719	2025-04-24	923551	12:13:00	Vehicle - Pedestrian	Pedestrian	SHIPYARD ST	ERNEST ST	2025-04-24	Two-Way , Not Divided	Dry	Daylight	Clear	Unknown	No	No Controls	3	1	Complains Of Pain	1	NA	41.79151	-71.39129	FALSE	FALSE	Shipyard Street and Ernest Street, Providence, RI, USA	FALSE	-71.393991	41.7946722	intersection	geometric_center	ernest st & shipyard st, providence, ri 02905, usa	NA	NA	NA	NA	41.7946722	-71.393991	417.33213621029677
1724	2025-04-24	923692	18:30:00	Vehicle - Pedestrian	Pedestrian	DE SOTO ST	GROVE ST	2025-04-28	Two-Way , Not Divided	Dry	Daylight	Clear	Sideswipe, Same Direction	Yes, M/V and Driver Left Scene	No Controls	2	0	Unknown	2	NA	41.8203	-71.43908	FALSE	FALSE	De Soto Street and Grove Street, Providence, RI, USA	FALSE	-71.4391815	41.8201613	intersection	geometric_center	grove st & de soto st, providence, ri 02909, usa	NA	NA	NA	NA	41.8201613	-71.4391815	17.586855577650184
1725	2025-04-24	923727	12:31:00	Vehicle - Pedestrian	Pedestrian	Cranston st	Huntington Ave	2025-04-29	Two-Way , Not Divided	Dry	Daylight	Clear	Rear End(Front-to-Rear)	Yes, M/V and Driver Left Scene	No Controls	3	0	No Injury	2	2	NA	NA	FALSE	FALSE	Cranston Street and Huntington Ave, Providence, RI, USA	FALSE	-71.4392216	41.80375230000001	intersection	geometric_center	cranston st & huntington ave, providence, ri 02907, usa	NA	NA	NA	NA	41.80375230000001	-71.4392216	NA
1733	2025-04-23	923613	10:35:00	Vehicle - Pedestrian	Pedestrian	CHAPMAN ST	VIRGINIA AVE	2025-04-23	Two-Way , Not Divided	Dry	Daylight	Clear	Not a Collision Between Two Motor Vehicles in Transport	No	Stop Signs	2	1	Complains Of Pain	1	NA	41.79267	-71.40049	FALSE	FALSE	Chapman Street and Virginia Ave, Providence, RI, USA	FALSE	-71.4004807	41.7926989	intersection	geometric_center	chapman st & virginia ave, providence, ri 02905, usa	NA	NA	NA	NA	41.7926989	-71.4004807	3.308430338445872
1785	2025-04-22	924034	19:30:00	Vehicle - Pedestrian	Pedestrian	DABOLL ST	DEXTER ST	2025-05-07	Two-Way , Not Divided	Dry	Dusk	Clear	Other	No	No Controls	2	1	Complains Of Pain	1	NA	41.80404	-71.43011	FALSE	FALSE	Daboll Street and Dexter Street, Providence, RI, USA	FALSE	-71.4301895	41.8040563	intersection	geometric_center	daboll st & dexter st, providence, ri 02907, usa	NA	NA	NA	NA	41.8040563	-71.4301895	6.8419634119954695
1796	2025-04-21	923444	04:51:00	Vehicle - Pedestrian	Pedestrian	328 Pocasset Avenue	ALTO ST	2025-04-21	Unknown	Dry	Dark - Not Lighted	Clear	Angle (Front - to - Side) Same Direction	Yes, M/V and Driver Left Scene	No Controls	2	0	No Injury	2	NA	41.80578	-71.45756	TRUE	FALSE	328 Pocasset Avenue, Providence, RI, USA	FALSE	-71.457287	41.8059127	premise	rooftop	328 pocasset ave, providence, ri 02909, usa	NA	NA	NA	NA	41.8059127	-71.457287	27.044008170779858
1801	2025-04-21	923460	09:20:00	Vehicle - Pedestrian	Pedestrian	ETHAN ST	SOPHIA ST	2025-04-21	Two-Way , Not Divided	Dry	Daylight	Clear	Angle (Front - to - Side) Same Direction	Yes, M/V and Driver Left Scene	Stop Signs	3	1	Complains Of Pain	2	NA	41.80882	-71.45823	FALSE	FALSE	Ethan Street and Sophia Street, Providence, RI, USA	FALSE	-71.45823109999999	41.8088424	intersection	geometric_center	sophia st & ethan st, providence, ri 02909, usa	NA	NA	NA	NA	41.8088424	-71.45823109999999	2.4952264574605727
1803	2025-04-21	923590	15:34:00	Vehicle - Pedestrian	Pedestrian	BLACKSTONE ST	GAY ST	2025-04-25	Two-Way , Not Divided	Dry	Daylight	Clear	Sideswipe, Same Direction	No	No Controls	2	0	No Injury	2	NA	41.80937	-71.41265	FALSE	FALSE	Blackstone Street and Gay Street, Providence, RI, USA	FALSE	-71.41277620000001	41.80938270000001	intersection	geometric_center	gay st & blackstone st, providence, ri 02905, usa	NA	NA	NA	NA	41.80938270000001	-71.41277620000001	10.566308319900102
1810	2025-04-20	923442	20:39:00	Vehicle - Pedestrian	Pedestrian	CHALKSTONE AVE	BERLIN ST	2025-04-20	Two-Way , Not Divided	Dry	Dark - Lighted	Clear	Not a Collision Between Two Motor Vehicles in Transport	Yes, M/V and Driver Left Scene	Pavement Markings	1	1	Complains Of Pain	1	NA	41.83229	-71.44199	FALSE	FALSE	Chalkstone Ave and Berlin Street, Providence, RI, USA	FALSE	-71.4417316	41.8323032	intersection	geometric_center	berlin st & chalkstone ave, providence, ri 02908, usa	NA	NA	NA	NA	41.8323032	-71.4417316	21.483085990875157
1814	2025-04-20	923426	14:54:00	Vehicle - Pedestrian	Pedestrian	W FOUNTAIN ST	DEAN ST	2025-04-20	Two-Way , Not Divided	Dry	Daylight	Clear	Not a Collision Between Two Motor Vehicles in Transport	No	No Controls	2	1	Complains Of Pain	1	NA	41.81943	-71.42098	FALSE	FALSE	W Fountain Street and Dean Street, Providence, RI, USA	FALSE	-71.42092319999999	41.8194003	intersection	geometric_center	dean st & w fountain st, providence, ri 02903, usa	NA	NA	NA	NA	41.8194003	-71.42092319999999	5.756343999049745
1818	2025-04-20	923432	17:21:00	Vehicle - Pedestrian	Pedestrian	PROVIDENCE ST	LOCKWOOD ST	2025-04-20	Two-Way , Not Divided	Dry	Daylight	Clear	Other	No	No Controls	3	1	Complains Of Pain	1	NA	41.81294	-71.41599	FALSE	FALSE	Providence Street and Lockwood Street, Providence, RI, USA	FALSE	-71.4160028	41.8129677	intersection	geometric_center	lockwood st & providence st, providence, ri 02903, usa	NA	NA	NA	NA	41.8129677	-71.4160028	3.2613090996259686
1847	2025-04-19	923384	13:30:00	Vehicle - Pedestrian	Pedestrian	N MAIN ST	DOYLE AVE	2025-04-19	Two-Way, Divided, Positive Median Barrier	Dry	Daylight	Cloudy	Not a Collision Between Two Motor Vehicles in Transport	No	Traffic Control Signal	6	1	Complains Of Pain	2	NA	41.8385	-71.4092	FALSE	FALSE	N Main Street and Doyle Ave, Providence, RI, USA	FALSE	-71.4092347	41.8383506	intersection	geometric_center	n main st & doyle ave, providence, ri 02906, usa	NA	NA	NA	NA	41.8383506	-71.4092347	16.878293265889592
1848	2025-04-19	923385	14:26:00	Vehicle - Pedestrian	Pedestrian	FRANCIS ST	GASPEE ST	2025-04-19	Two-Way, Divided, Positive Median Barrier	Dry	Daylight	Clear	Not a Collision Between Two Motor Vehicles in Transport	Yes, Driver Left Scene	Traffic Control Signal	2	0	Unknown	1	NA	41.82916	-71.41506	FALSE	FALSE	Francis Street and Gaspee Street, Providence, RI, USA	FALSE	-71.4133004	41.8298382	route	geometric_center	gaspee st, providence, ri 02903, usa	NA	NA	NA	NA	41.8298382	-71.4133004	164.32475135566597
1853	2025-04-19	923396	17:47:00	Vehicle - Pedestrian	Bicycle	VALLEY ST	DEAN ST	2025-04-19	Two-Way , Not Divided	Dry	Daylight	Clear	Not a Collision Between Two Motor Vehicles in Transport	No	Pavement Markings	5	0	No Injury	1	NA	41.83139	-71.42848	FALSE	FALSE	Valley Street and Dean Street, Providence, RI, USA	FALSE	-71.4242087	41.8234242	route	geometric_center	dean st, providence, ri, usa	NA	NA	NA	NA	41.8234242	-71.4242087	954.9117914515923
1878	2025-04-18	923362	18:09:00	Vehicle - Pedestrian	Pedestrian	ATWELLS AVE	NEWTON ST	2025-04-18	Two-Way , Not Divided	Dry	Daylight	Clear	Not a Collision Between Two Motor Vehicles in Transport	No	No Controls	5	1	Complains Of Pain	1	NA	41.82327	-71.42229	FALSE	FALSE	Atwells Ave and Newton Street, Providence, RI, USA	FALSE	-71.4222281	41.8232805	intersection	geometric_center	newton st & atwells ave, providence, ri 02903, usa	NA	NA	NA	NA	41.8232805	-71.4222281	5.266318930255115