row_number	crash_date	crash_report_id	crash_time	type_of_collision	collision_type	street_or_highway	nearest_intersection	report_date	type_of_roadway	road_surface_condition	light_condition	weather_condition	manner_of_impact	hit_and_run	traffic_control	person_count	injury_count	most_serious_injury	number_of_vehicles	number_of_lanes	lat_raw	lon_raw	has_st_number	is_intersection_null	address_sent_to_geocoder	is_address_blank	lon_api_first_try	lat_api_first_try	type	loctype	address_returned_by_geocoder	address_returned_by_autocomplete	place_ids_autocompleted	lat_api_second_try	lon_api_second_try	lat_api_best	lon_api_best	distance_btwn_coords_meters
1915	2025-04-16	923309	10:20:00	Vehicle - Pedestrian	Pedestrian	SMITH STREET	ACADEMY AVENUE	2025-04-16	Two-Way , Not Divided	Dry	Daylight	Cloudy	Not a Collision Between Two Motor Vehicles in Transport	No	No Controls	2	1	Complains Of Pain	1	NA	41.82269	-71.46671	FALSE	FALSE	Smith Street and Academy Avenue, Providence, RI, USA	FALSE	-71.4451576	41.842608	intersection	geometric_center	academy ave & smith st, providence, ri 02908, usa	NA	NA	NA	NA	41.842608	-71.4451576	2848.138311935938
1925	2025-04-15	923332	13:43:00	Vehicle - Pedestrian	Pedestrian	AMSTERDAM ST	HANNAH ST	2025-04-17	Two-Way , Not Divided	Dry	Daylight	Clear	Sideswipe, Same Direction	Yes, M/V and Driver Left Scene	Unknown	4	1	Complains Of Pain	1	NA	41.82437	-71.44874	FALSE	FALSE	Amsterdam Street and Hannah Street, Providence, RI, USA	FALSE	-71.44869589999999	41.8243872	intersection	geometric_center	amsterdam st & hannah st, providence, ri 02909, usa	NA	NA	NA	NA	41.8243872	-71.44869589999999	4.129061216806483
1938	2025-04-15	923283	14:32:00	Vehicle - Pedestrian	Scooter	EDDY ST	TORONTO AVE	2025-04-15	Two-Way , Not Divided	Wet	Daylight	Cloudy	Angle (Front - to - Side) Right Angle (Includes Broadside)	No	No Controls	3	1	Complains Of Pain	1	2	41.79152	-71.40348	FALSE	FALSE	Eddy Street and Toronto Ave, Providence, RI, USA	FALSE	-71.4034981	41.79155009999999	intersection	geometric_center	toronto ave & eddy st, providence, ri 02905, usa	NA	NA	NA	NA	41.79155009999999	-71.4034981	3.672062461049953
1941	2025-04-15	923293	17:48:00	Vehicle - Pedestrian	Bicycle	GLENBRIDGE AVE	MATTIE ST	2025-04-15	Two-Way , Not Divided	Dry	Daylight	Cloudy	Angle (Front - to - Side) Right Angle (Includes Broadside)	Yes, M/V and Driver Left Scene	No Controls	2	0	Unknown	2	NA	41.8216	-71.4608	FALSE	FALSE	Glenbridge Ave and Mattie Street, Providence, RI, USA	FALSE	-71.46079019999999	41.8216167	intersection	geometric_center	glenbridge ave & mattie st, providence, ri 02909, usa	NA	NA	NA	NA	41.8216167	-71.46079019999999	2.029030171094331
1944	2025-04-14	925204	23:19:00	Vehicle - Pedestrian	Pedestrian	262 WARRINGTON ST	ELMWOOD AVE	2025-06-15	Two-Way , Not Divided	Dry	Dark - Lighted	Clear	Rear End(Front-to-Rear)	Yes, M/V and Driver Left Scene	No Controls	2	0	No Injury	2	NA	41.79369	-71.42242	TRUE	FALSE	262 Warrington Street, Providence, RI, USA	FALSE	-71.42235269999999	41.7935767	premise	rooftop	262 warrington st, providence, ri 02907, usa	NA	NA	NA	NA	41.7935767	-71.42235269999999	13.793950540997114
1969	2025-04-14	923262	14:58:00	Vehicle - Pedestrian	Pedestrian	CHALKSTONE AVE	OAKLAND AVE	2025-04-14	Two-Way , Not Divided	Dry	Daylight	Clear	Not a Collision Between Two Motor Vehicles in Transport	No	Pavement Markings	4	1	Complains Of Pain	1	NA	41.83419	-71.43024	FALSE	FALSE	Chalkstone Ave and Oakland Ave, Providence, RI, USA	FALSE	-71.4302373	41.8342121	intersection	geometric_center	oakland ave & chalkstone ave, providence, ri 02908, usa	NA	NA	NA	NA	41.8342121	-71.4302373	2.4703322019598244
1976	2025-04-14	923241	08:39:00	Vehicle - Pedestrian	Pedestrian	WESTMINSTER ST	DORRANCE ST	2025-04-14	Two-Way , Not Divided	Dry	Daylight	Clear	Sideswipe, Same Direction	No	Other	4	0	No Injury	2	NA	41.82361	-71.41167	FALSE	FALSE	Westminster Street and Dorrance Street, Providence, RI, USA	FALSE	-71.41166369999999	41.8236206	intersection	geometric_center	westminster st & dorrance st, providence, ri 02903, usa	NA	NA	NA	NA	41.8236206	-71.41166369999999	1.290542193464034
1977	2025-04-14	923242	07:42:00	Vehicle - Pedestrian	Bicycle	PLAINFIELD ST	RT 6 EXIT	2025-04-14	Two-Way , Not Divided	Dry	Daylight	Clear	Not a Collision Between Two Motor Vehicles in Transport	No	No Controls	2	1	Complains Of Pain	1	NA	41.81478	-71.44659	FALSE	FALSE	Plainfield Street and Rt 6 Exit, Providence, RI, USA	FALSE	-71.4438081	41.8165202	street_address	range_interpolated	6 plainfield st, providence, ri 02909, usa	NA	NA	NA	NA	41.8165202	-71.4438081	301.3245342777981
1987	2025-04-13	923202	02:26:00	Vehicle - Pedestrian	Pedestrian	BLUNDELL ST	THURBERS AVE	2025-04-13	Two-Way , Not Divided	Wet	Dark - Lighted	Rain	Angle (Front - to - Side) Right Angle (Includes Broadside)	Yes, M/V and Driver Left Scene	No Controls	3	0	No Injury	2	NA	41.80001	-71.40492	FALSE	FALSE	Blundell Street and Thurbers Ave, Providence, RI, USA	FALSE	-71.40492979999999	41.8000974	intersection	geometric_center	thurbers ave & blundell st, providence, ri 02905, usa	NA	NA	NA	NA	41.8000974	-71.40492979999999	9.76325412369739
2060	2025-04-10	923135	12:50:00	Vehicle - Pedestrian	Pedestrian	EDDY ST	NA	2025-04-11	Unknown	Dry	Daylight	Clear	Other	No	Unknown	2	0	Unknown	1	NA	NA	NA	FALSE	TRUE	Eddy Street, Providence, RI, USA	FALSE	-71.4072241	41.8059525	route	geometric_center	eddy st, providence, ri, usa	NA	NA	NA	NA	41.8059525	-71.4072241	NA
2068	2025-04-10	923114	14:23:00	Vehicle - Pedestrian	Pedestrian	BRANCH AVE	WILD ST	2025-04-10	Two-Way , Not Divided	Dry	Daylight	Clear	Other	Yes, M/V and Driver Left Scene	No Controls	1	1	Complains Of Pain	1	NA	41.85505	-71.43792	FALSE	FALSE	Branch Ave and Wild Street, Providence, RI, USA	FALSE	-71.43772969999999	41.85504530000001	intersection	geometric_center	wild st & branch ave, providence, ri 02904, usa	NA	NA	NA	NA	41.85504530000001	-71.43772969999999	15.787336288526422
2076	2025-04-10	923100	08:02:00	Vehicle - Pedestrian	Pedestrian	TERRACE AVE	PROGRESS AVE	2025-04-10	Two-Way, Not Divided With a Continuous Left Turn Lane	Dry	Daylight	Clear	Not a Collision Between Two Motor Vehicles in Transport	No	Other	3	1	Complains Of Pain	1	NA	41.80789	-71.45168	FALSE	FALSE	Terrace Ave and Progress Ave, Providence, RI, USA	FALSE	-71.4516489	41.8078966	intersection	geometric_center	terrace ave & progress ave, providence, ri 02909, usa	NA	NA	NA	NA	41.8078966	-71.4516489	2.683098829941433
2100	2025-04-09	923320	18:00:00	Vehicle - Pedestrian	Pedestrian	BRANCH AVE	W RIVER ST	2025-04-16	Two-Way , Not Divided	Dry	Dark - Unknown Lighting	Clear	Unknown	Yes, M/V and Driver Left Scene	Unknown	1	1	Complains Of Pain	1	NA	41.84686	-71.41262	FALSE	FALSE	Branch Ave and W River Street, Providence, RI, USA	FALSE	-71.41266139999999	41.8469059	intersection	geometric_center	w river st & branch ave, providence, ri 02904, usa	NA	NA	NA	NA	41.8469059	-71.41266139999999	6.1557995412644635
2135	2025-04-07	923092	22:00:00	Vehicle - Pedestrian	Pedestrian	DODGE ST	LESTER ST	2025-04-09	One-Way Trafficway	Dry	Dark - Lighted	Clear	Angle (Front - to - Side) Same Direction	Yes, M/V and Driver Left Scene	No Controls	2	0	No Injury	2	NA	41.81394	-71.42511	FALSE	FALSE	Dodge Street and Lester Street, Providence, RI, USA	FALSE	-71.42537759999999	41.814173	intersection	geometric_center	dodge st & lester, providence, ri 02907, usa	NA	NA	NA	NA	41.814173	-71.42537759999999	34.14217102331645
2147	2025-04-07	923024	20:29:00	Vehicle - Pedestrian	Pedestrian	ANGELL ST	BROOK ST	2025-04-07	Two-Way , Not Divided	Wet	Dark - Not Lighted	Rain	Other	No	Traffic Control Signal	4	1	Complains Of Pain	1	NA	41.82821	-71.39947	FALSE	FALSE	Angell Street and Brook Street, Providence, RI, USA	FALSE	-71.3994652	41.82822789999999	intersection	geometric_center	brook st & angell st, providence, ri 02906, usa	NA	NA	NA	NA	41.82822789999999	-71.3994652	2.032008690257442
2155	2025-04-06	923015	12:00:00	Vehicle - Pedestrian	Pedestrian	FRANCIS ST	AMERICAN EXPRESS PLZ	2025-04-07	Two-Way , Not Divided	Wet	Daylight	Cloudy	Unknown	No	Unknown	3	0	No Injury	1	NA	41.8272	-71.41544	FALSE	FALSE	Francis Street and American Express Plz, Providence, RI, USA	FALSE	-71.414199	41.8245558	locality	approximate	providence, ri, usa	NA	NA	NA	NA	41.8245558	-71.414199	311.8332642918222
2185	2025-04-05	922955	12:35:00	Vehicle - Pedestrian	Pedestrian	Cranston Street	MESSER ST	2025-04-05	Two-Way , Not Divided	Wet	Daylight	Rain	Rear End(Front-to-Rear)	No	No Controls	5	0	No Injury	2	NA	41.80962	-71.43346	FALSE	FALSE	Cranston Street and Messer Street, Providence, RI, USA	FALSE	-71.43342609999999	41.8096596	intersection	geometric_center	cranston st & messer st, providence, ri 02909, usa	NA	NA	NA	NA	41.8096596	-71.43342609999999	5.229200888886359
2187	2025-04-05	922960	17:05:00	Vehicle - Pedestrian	Pedestrian	RESERVOIR AVE	ADELAIDE AVE	2025-04-05	Two-Way , Not Divided	Wet	Daylight	Rain	Not a Collision Between Two Motor Vehicles in Transport	Yes, M/V and Driver Left Scene	No Controls	1	1	Non-Incapacitating	1	NA	41.79553	-71.42623	FALSE	FALSE	Reservoir Ave and Adelaide Ave, Providence, RI, USA	FALSE	-71.42615359999999	41.7955483	intersection	geometric_center	reservoir ave & adelaide ave, providence, ri 02907, usa	NA	NA	NA	NA	41.7955483	-71.42615359999999	6.65979165379416
2199	2025-04-04	923971	15:16:00	Vehicle - Pedestrian	Scooter	ADELAIDE AVE/ ELMWOOD AVE	ADELAIDE AVE	2025-05-05	Two-Way , Not Divided	Dry	Daylight	Clear	Other	Yes, M/V and Driver Left Scene	No Controls	2	1	Complains Of Pain	1	NA	41.79586	-71.4251	FALSE	FALSE	Adelaide Ave/ Elmwood Ave and Adelaide Ave, Providence, RI, USA	FALSE	-71.4249889	41.79590779999999	intersection	geometric_center	adelaide ave & elmwood ave, providence, ri 02907, usa	NA	NA	NA	NA	41.79590779999999	-71.4249889	10.645582730840392
2202	2025-04-04	923005	16:20:00	Vehicle - Pedestrian	Pedestrian	ELMWOOD AVE	ELMWOOD AVE	2025-04-07	Two-Way , Not Divided	Dry	Daylight	Clear	Angle (Front - to - Side) Same Direction	No	Unknown	12	0	Unknown	1	NA	41.80999	-71.42398	FALSE	FALSE	Elmwood Ave and Elmwood Ave, Providence, RI, USA	FALSE	-71.4246181	41.795266	route	geometric_center	elmwood ave, providence, ri, usa	NA	NA	NA	NA	41.795266	-71.4246181	1639.9232714570953
2291	2025-04-01	922822	15:12:00	Vehicle - Pedestrian	Pedestrian	BRANCH AVE	OPPER ST	2025-04-01	Two-Way , Not Divided	Dry	Daylight	Clear	Not a Collision Between Two Motor Vehicles in Transport	No	Pavement Markings	3	1	Complains Of Pain	1	NA	41.85173	-71.42337	FALSE	FALSE	Branch Ave and Opper Street, Providence, RI, USA	FALSE	-71.4233812	41.8517643	intersection	geometric_center	opper st & branch ave, providence, ri 02904, usa	NA	NA	NA	NA	41.8517643	-71.4233812	3.929576027940749
2320	2025-03-31	922796	19:58:00	Vehicle - Pedestrian	Pedestrian	BUCKLIN ST	RUTLAND ST	2025-03-31	Two-Way , Not Divided	Dry	Dark - Lighted	Clear	Angle (Front - to - Side) Opposite Direction	No	Stop Signs	4	1	Non-Incapacitating	1	NA	41.79856	-71.42759	FALSE	FALSE	Bucklin Street and Rutland Street, Providence, RI, USA	FALSE	-71.42757879999999	41.7985973	intersection	geometric_center	bucklin st & rutland st, providence, ri 02907, usa	NA	NA	NA	NA	41.7985973	-71.42757879999999	4.254974645520684
2414	2025-03-27	922689	15:07:00	Vehicle - Pedestrian	Pedestrian	PRAIRIE AVE	SOMERSET ST	2025-03-27	Two-Way , Not Divided	Dry	Daylight	Clear	Sidwswipe, Opposite Direction	Yes, M/V and Driver Left Scene	Pavement Markings	3	0	No Injury	2	NA	41.81085	-71.41549	FALSE	FALSE	Prairie Ave and Somerset Street, Providence, RI, USA	FALSE	-71.41549669999999	41.81081	intersection	geometric_center	somerset st & prairie ave, providence, ri 02907, usa	NA	NA	NA	NA	41.81081	-71.41549669999999	4.487347202836406
2415	2025-03-27	922690	15:06:00	Vehicle - Pedestrian	Bicycle	MITCHELL ST	NIAGARA ST	2025-03-27	Two-Way , Not Divided	Dry	Daylight	Clear	Not a Collision Between Two Motor Vehicles in Transport	No	Pavement Markings	2	1	Complains Of Pain	1	NA	41.80165	-71.41844	FALSE	FALSE	Mitchell Street and Niagara Street, Providence, RI, USA	FALSE	-71.42003389999999	41.8011804	intersection	geometric_center	niagara st & mitchell st, providence, ri 02907, usa	NA	NA	NA	NA	41.8011804	-71.42003389999999	142.22409109013842
2443	2025-03-26	922664	15:13:00	Vehicle - Pedestrian	Pedestrian	N MAIN ST	9TH ST	2025-03-26	Two-Way, Divided, Positive Median Barrier	Dry	Daylight	Clear	Rear End(Front-to-Rear)	Yes, M/V and Driver Left Scene	No Controls	2	0	Unknown	2	NA	41.85506	-71.4002	FALSE	FALSE	N Main Street and 9th Street, Providence, RI, USA	FALSE	-71.40026449999999	41.8548416	intersection	geometric_center	9th st & n main st, providence, ri 02906, usa	NA	NA	NA	NA	41.8548416	-71.40026449999999	24.893434873280327
2451	2025-03-26	922688	17:13:00	Vehicle - Pedestrian	Pedestrian	BROOK ST	MEETING ST	2025-03-27	Two-Way , Not Divided	Dry	Daylight	Clear	Rear End(Front-to-Rear)	Yes, M/V and Driver Left Scene	No Controls	2	0	Unknown	2	NA	41.82911	-71.39958	FALSE	FALSE	Brook Street and Meeting Street, Providence, RI, USA	FALSE	-71.39960289999999	41.8292552	intersection	geometric_center	brook st & meeting st, providence, ri 02906, usa	NA	NA	NA	NA	41.8292552	-71.39960289999999	16.274820948301382
2502	2025-03-23	922568	17:37:00	Vehicle - Pedestrian	Bicycle	smith st	GENTIAN AVE	2025-03-23	Two-Way , Not Divided	Dry	Daylight	Clear	Other	Yes, M/V and Driver Left Scene	No Controls	1	1	Complains Of Pain	1	NA	41.84602	-71.45171	FALSE	FALSE	Smith Street and Gentian Ave, Providence, RI, USA	FALSE	-71.4516932	41.8460106	intersection	geometric_center	smith st & gentian ave, providence, ri 02908, usa	NA	NA	NA	NA	41.8460106	-71.4516932	1.742373069207662
2512	2025-03-23	922552	13:27:00	Vehicle - Pedestrian	Pedestrian	ANGELL ST	ARLINGTON AVE	2025-03-23	One-Way Trafficway	Dry	Daylight	Clear	Not a Collision Between Two Motor Vehicles in Transport	No	Stop Signs	2	1	Non-Incapacitating	1	NA	41.82937	-71.39217	FALSE	FALSE	Angell Street and Arlington Ave, Providence, RI, USA	FALSE	-71.3921478	41.8293827	intersection	geometric_center	arlington ave & angell st, providence, ri 02906, usa	NA	NA	NA	NA	41.8293827	-71.3921478	2.3215573676525043
2536	2025-03-22	922514	11:01:00	Vehicle - Pedestrian	Pedestrian	997 BRANCH AVE	NA	2025-03-22	Two-Way , Not Divided	Dry	Daylight	Clear	Not a Collision Between Two Motor Vehicles in Transport	No	No Controls	2	2	Complains Of Pain	1	NA	NA	NA	TRUE	TRUE	997 Branch Ave, Providence, RI, USA	FALSE	-71.4390344	41.8556304	premise	rooftop	997 branch ave, providence, ri 02904, usa	NA	NA	NA	NA	41.8556304	-71.4390344	NA
2558	2025-03-21	922496	14:33:00	Vehicle - Pedestrian	Pedestrian	BRANCH AVE	DRYDEN LN	2025-03-21	Two-Way , Not Divided	Dry	Daylight	Clear	Not a Collision Between Two Motor Vehicles in Transport	Yes, M/V and Driver Left Scene	Pavement Markings	5	1	Complains Of Pain	1	NA	41.84308	-71.40852	FALSE	FALSE	Branch Ave and Dryden Ln, Providence, RI, USA	FALSE	-71.4084836	41.8429827	intersection	geometric_center	branch ave & dryden ln, providence, ri 02904, usa	NA	NA	NA	NA	41.8429827	-71.4084836	11.244165130824388
2589	2025-03-20	922462	14:12:00	Vehicle - Pedestrian	Pedestrian	VALLEY ST	WOLCOTT ST	2025-03-20	Two-Way, Divided, Unprotected (painted>4feet) Medium	Dry	Daylight	Clear	Not a Collision Between Two Motor Vehicles in Transport	No	No Controls	3	0	No Injury	1	NA	41.829	-71.43331	FALSE	FALSE	Valley Street and Wolcott Street, Providence, RI, USA	FALSE	-71.43333059999999	41.8290223	intersection	geometric_center	valley st & wolcott st, providence, ri 02908, usa	NA	NA	NA	NA	41.8290223	-71.43333059999999	3.0136715809135963
2591	2025-03-20	922465	15:52:00	Vehicle - Pedestrian	Pedestrian	MEETING ST	THAYER ST	2025-03-20	Two-Way , Not Divided	Dry	Daylight	Clear	Unknown	Yes, M/V and Driver Left Scene	No Controls	3	0	Unknown	2	NA	41.82918	-71.40061	FALSE	FALSE	Meeting Street and Thayer Street, Providence, RI, USA	FALSE	-71.40078439999999	41.8291625	intersection	geometric_center	thayer st & meeting st, providence, ri 02906, usa	NA	NA	NA	NA	41.8291625	-71.40078439999999	14.59675055086883
2610	2025-03-19	922424	10:18:00	Vehicle - Pedestrian	Pedestrian	3 RICOM WAY	NA	2025-03-19	Two-Way , Not Divided	Dry	Daylight	Clear	Not a Collision Between Two Motor Vehicles in Transport	No	No Controls	2	1	Complains Of Pain	1	NA	NA	NA	TRUE	TRUE	3 Ricom Way, Providence, RI, USA	FALSE	-71.44198519999999	41.8109103	street_address	rooftop	3 ricom way, providence, ri 02909, usa	NA	NA	NA	NA	41.8109103	-71.44198519999999	NA
2621	2025-03-19	922442	15:55:00	Vehicle - Pedestrian	Pedestrian	DOUGLAS AVE	CHAD BROWN ST	2025-03-19	Two-Way , Not Divided	Dry	Daylight	Clear	Not a Collision Between Two Motor Vehicles in Transport	No	Stop Signs	4	2	Complains Of Pain	1	NA	41.83966	-71.4262	FALSE	FALSE	Douglas Ave and Chad Brown Street, Providence, RI, USA	FALSE	-71.4258274	41.8392697	intersection	geometric_center	chad brown st & douglas ave, providence, ri 02908, usa	NA	NA	NA	NA	41.8392697	-71.4258274	53.316352620588816
2630	2025-03-18	922421	15:20:00	Vehicle - Pedestrian	Pedestrian	LAUREL HILL AVE	HARTFORD AVE	2025-03-19	Unknown	Dry	Daylight	Clear	Other	Yes, M/V and Driver Left Scene	Unknown	1	1	Non-Incapacitating	1	NA	41.81792	-71.45533	FALSE	FALSE	Laurel Hill Ave and Hartford Ave, Providence, RI, USA	FALSE	-71.4553147	41.8179563	intersection	geometric_center	laurel hill ave & hartford ave, providence, ri 02909, usa	NA	NA	NA	NA	41.8179563	-71.4553147	4.235569917832896
2650	2025-03-17	922418	14:30:00	Vehicle - Pedestrian	Scooter	ATWELLS AVE	FALLS PL	2025-03-19	Two-Way , Not Divided	Wet	Daylight	Cloudy	Unknown	No	Unknown	1	0	Unknown	1	NA	41.82352	-71.42581	FALSE	FALSE	Atwells Ave and Falls Pl, Providence, RI, USA	FALSE	-71.42578639999999	41.8235263	intersection	geometric_center	atwells ave & falls pl, providence, ri 02903, usa	NA	NA	NA	NA	41.8235263	-71.42578639999999	2.0795738828980848
2657	2025-03-17	922395	16:00:00	Vehicle - Pedestrian	Pedestrian	ELMGROVE AVE	SESSIONS ST	2025-03-18	Two-Way , Not Divided	Wet	Daylight	Clear	Other	Yes, M/V and Driver Left Scene	Unknown	2	1	Complains Of Pain	1	NA	41.84128	-71.39259	FALSE	FALSE	Elmgrove Ave and Sessions Street, Providence, RI, USA	FALSE	-71.3925642	41.8413192	intersection	geometric_center	sessions st & elmgrove ave, providence, ri 02906, usa	NA	NA	NA	NA	41.8413192	-71.3925642	4.860064448918125
2658	2025-03-17	922355	10:49:00	Vehicle - Pedestrian	Pedestrian	MEETING ST	THAYER ST	2025-03-17	One-Way Trafficway	Wet	Daylight	Rain	Not a Collision Between Two Motor Vehicles in Transport	No	No Controls	3	1	Complains Of Pain	1	NA	41.82915	-71.40105	FALSE	FALSE	Meeting Street and Thayer Street, Providence, RI, USA	FALSE	-71.40078439999999	41.8291625	intersection	geometric_center	thayer st & meeting st, providence, ri 02906, usa	NA	NA	NA	NA	41.8291625	-71.40078439999999	22.074952720387913
2681	2025-03-16	922304	12:33:00	Vehicle - Pedestrian	Pedestrian	FRIENDSHIP ST	CLAVERICK ST	2025-03-16	One-Way Trafficway	Unknown	Unknown	Clear	Unknown	Yes, M/V and Driver Left Scene	No Controls	2	0	Unknown	2	NA	41.81798	-71.4133	FALSE	FALSE	Friendship Street and Claverick Street, Providence, RI, USA	FALSE	-71.4130373	41.81823809999999	intersection	geometric_center	claverick st & friendship st, providence, ri 02903, usa	NA	NA	NA	NA	41.81823809999999	-71.4130373	36.06234132738996
2700	2025-03-15	922289	17:37:00	Vehicle - Pedestrian	Pedestrian	787 Admiral St.	NA	2025-03-15	Two-Way , Not Divided	Dry	Daylight	Clear	Not a Collision Between Two Motor Vehicles in Transport	Yes, M/V and Driver Left Scene	No Controls	1	1	Complains Of Pain	1	NA	NA	NA	TRUE	TRUE	787 Admiral St., Providence, RI, USA	FALSE	-71.44268389999999	41.8508558	premise	rooftop	787 admiral st, providence, ri 02908, usa	NA	NA	NA	NA	41.8508558	-71.44268389999999	NA
2736	2025-03-14	922348	13:25:00	Vehicle - Pedestrian	Pedestrian	ANGELL ST	CONGDON ST	2025-03-17	One-Way Trafficway	Dry	Daylight	Clear	Other	No	Unknown	3	1	Non-Incapacitating	1	NA	41.82759	-71.40668	FALSE	FALSE	Angell Street and Congdon Street, Providence, RI, USA	FALSE	-71.4066587	41.8276009	intersection	geometric_center	congdon st & angell st, providence, ri 02906, usa	NA	NA	NA	NA	41.8276009	-71.4066587	2.1433671355214416
2751	2025-03-13	922224	11:00:00	Vehicle - Pedestrian	Pedestrian	ELMWOOD AVE	CONGRESS AVE	2025-03-13	Two-Way, Divided, Unprotected (painted>4feet) Medium	Dry	Daylight	Clear	Not a Collision Between Two Motor Vehicles in Transport	Yes, M/V and Driver Left Scene	No Controls	2	1	Complains Of Pain	1	NA	41.7985	-71.42628	FALSE	FALSE	Elmwood Ave and Congress Ave, Providence, RI, USA	FALSE	-71.4263227	41.7984861	intersection	geometric_center	congress ave & elmwood ave, providence, ri 02907, usa	NA	NA	NA	NA	41.7984861	-71.4263227	3.8666865594597746
2767	2025-03-13	922246	19:35:00	Vehicle - Pedestrian	Pedestrian	LONGFELLOW ST	ELMWOOD AVE	2025-03-13	Two-Way , Not Divided	Dry	Dusk	Clear	Sideswipe, Same Direction	Yes, M/V and Driver Left Scene	No Controls	2	0	Unknown	2	NA	41.79082	-71.42212	FALSE	FALSE	Longfellow Street and Elmwood Ave, Providence, RI, USA	FALSE	-71.4221622	41.790831	intersection	geometric_center	longfellow st & elmwood ave, providence, ri 02907, usa	NA	NA	NA	NA	41.790831	-71.4221622	3.7103932550888947