row_number	crash_date	crash_report_id	crash_time	type_of_collision	collision_type	street_or_highway	nearest_intersection	report_date	type_of_roadway	road_surface_condition	light_condition	weather_condition	manner_of_impact	hit_and_run	traffic_control	person_count	injury_count	most_serious_injury	number_of_vehicles	number_of_lanes	lat_raw	lon_raw	has_st_number	is_intersection_null	address_sent_to_geocoder	is_address_blank	lon_api_first_try	lat_api_first_try	type	loctype	address_returned_by_geocoder	address_returned_by_autocomplete	place_ids_autocompleted	lat_api_second_try	lon_api_second_try	lat_api_best	lon_api_best	distance_btwn_coords_meters
2798	2025-03-11	922161	20:31:00	Vehicle - Pedestrian	Pedestrian	Broad st	BROAD ST	2025-03-11	Two-Way , Not Divided	Dry	Dark - Lighted	Clear	Head-On (Front - to - Front)	No	No Controls	3	1	Complains Of Pain	2	NA	41.80113	-71.41812	FALSE	FALSE	Broad Street and Broad Street, Providence, RI, USA	FALSE	-71.4174197	41.8004646	route	geometric_center	broad st, providence, ri, usa	NA	NA	NA	NA	41.8004646	-71.4174197	94.14850293586485
2808	2025-03-11	922144	09:05:00	Vehicle - Pedestrian	Scooter	POWER ST	BENEFIT ST	2025-03-11	Two-Way , Not Divided	Dry	Daylight	Clear	Not a Collision Between Two Motor Vehicles in Transport	No	No Controls	2	1	Complains Of Pain	1	NA	41.82282	-71.40391	FALSE	FALSE	Power Street and Benefit Street, Providence, RI, USA	FALSE	-71.40389499999999	41.8228454	intersection	geometric_center	benefit st & power st, providence, ri 02906, usa	NA	NA	NA	NA	41.8228454	-71.40389499999999	3.0892134401874776
2823	2025-03-10	922116	16:23:00	Vehicle - Pedestrian	Pedestrian	HARTFORD AVE	ETNA ST	2025-03-10	Two-Way , Not Divided	Dry	Daylight	Clear	Not a Collision Between Two Motor Vehicles in Transport	No	Pavement Markings	4	1	Complains Of Pain	1	NA	41.81735	-71.45075	FALSE	FALSE	Hartford Ave and Etna Street, Providence, RI, USA	FALSE	-71.4506992	41.8173612	intersection	geometric_center	etna st & hartford ave, providence, ri 02909, usa	NA	NA	NA	NA	41.8173612	-71.4506992	4.395095561000104
2851	2025-03-09	922067	09:02:00	Vehicle - Pedestrian	Pedestrian	BROADWAY	KNIGHT ST	2025-03-09	Two-Way , Not Divided	Dry	Daylight	Clear	Not a Collision Between Two Motor Vehicles in Transport	No	Traffic Control Signal	3	2	Complains Of Pain	1	NA	41.8198	-71.42936	FALSE	FALSE	Broadway and Knight Street, Providence, RI, USA	FALSE	-71.4298422	41.8202494	route	geometric_center	knight st, providence, ri, usa	Broadway & Knight Street, Providence, RI, USA	Ei1Ccm9hZHdheSAmIEtuaWdodCBTdHJlZXQsIFByb3ZpZGVuY2UsIFJJLCBVU0EiZiJkChQKEgmvZYGEdUXkiRHAVmwJ-u4XKRIUChIJr2WBhHVF5IkRwFZsCfruFykaFAoSCaW15YZ1ReSJERrCM7HXpG-zGhQKEgkPqvF6dUXkiRGsZxyELkktfCIKDccy7RgVj79s1Q	41.8198215	-71.4293361	41.8198215	-71.4293361	3.1079771957168623
2856	2025-03-09	922084	15:34:00	Vehicle - Pedestrian	Pedestrian	BAINBRIDGE AVE	BROADWAY	2025-03-09	Unknown	Other	Other	Clear	Rear End(Front-to-Rear)	No	No Controls	6	1	Complains Of Pain	3	NA	41.81789	-71.43585	FALSE	FALSE	Bainbridge Ave and Broadway, Providence, RI, USA	FALSE	-71.4359317	41.8182806	intersection	geometric_center	bainbridge ave & broadway, providence, ri 02909, usa	NA	NA	NA	NA	41.8182806	-71.4359317	44.006515594879055
2866	2025-03-08	922056	01:55:00	Vehicle - Pedestrian	Pedestrian	SPRUCE ST	DE PASQUALE AVE	2025-03-09	One-Way Trafficway	Dry	Dark - Lighted	Clear	Unknown	Yes, M/V and Driver Left Scene	No Controls	2	0	No Injury	2	NA	41.8243	-71.42668	FALSE	FALSE	Spruce Street and De Pasquale Ave, Providence, RI, USA	FALSE	-71.426237	41.8225091	route	geometric_center	de pasquale ave, providence, ri 02903, usa	Spruce Street & De Pasquale Ave, Providence, RI, USA	EjRTcHJ1Y2UgU3RyZWV0ICYgRGUgUGFzcXVhbGUgQXZlLCBQcm92aWRlbmNlLCBSSSwgVVNBImYiZAoUChIJR4baAQtF5IkRCImAsPjDvn8SFAoSCUeG2gELReSJEQiJgLD4w75_GhQKEglLkpX-CkXkiRFPaoZnGLjj5xoUChIJ5WpIMgtF5IkR6bU-GV3KjsIiCg3_4u0YFUQdbdU	41.8243327	-71.4269372	41.8243327	-71.4269372	21.644198230726897
2887	2025-03-08	922107	21:36:00	Vehicle - Pedestrian	Pedestrian	ELMWOOD AVE	ELMWOOD AVE	2025-03-10	Two-Way , Not Divided	Dry	Dark - Lighted	Clear	Sideswipe, Same Direction	Yes, M/V and Driver Left Scene	Traffic Control Signal	2	0	No Injury	2	NA	41.80713	-71.42487	FALSE	FALSE	Elmwood Ave and Elmwood Ave, Providence, RI, USA	FALSE	-71.4246181	41.795266	route	geometric_center	elmwood ave, providence, ri, usa	NA	NA	NA	NA	41.795266	-71.4246181	1320.859859642826
2944	2025-03-05	921974	21:45:00	Vehicle - Pedestrian	Pedestrian	ONTARIO ST	NIAGARA ST	2025-03-06	Two-Way, Divided, Unprotected (painted>4feet) Medium	Unknown	Unknown	Cloudy	Not a Collision Between Two Motor Vehicles in Transport	Yes, M/V and Driver Left Scene	Stop Signs	3	1	Complains Of Pain	1	NA	41.79989	-71.41934	FALSE	FALSE	Ontario Street and Niagara Street, Providence, RI, USA	FALSE	-71.4193425	41.7999015	intersection	geometric_center	ontario st & niagara st, providence, ri 02907, usa	NA	NA	NA	NA	41.7999015	-71.4193425	1.2968761370024897
2976	2025-03-04	921928	18:16:00	Vehicle - Pedestrian	Pedestrian	UNNAMED_38	DEAN ST	2025-03-04	Unknown	Dry	Dark - Lighted	Clear	Unknown	Yes, M/V and Driver Left Scene	No Controls	3	0	Unknown	2	NA	41.82999	-71.42716	FALSE	FALSE	Unnamed_38 and Dean Street, Providence, RI, USA	FALSE	-71.4739026	41.7672488	street_address	range_interpolated	38 dean st, cranston, ri 02920, usa	NA	NA	NA	NA	41.7672488	-71.4739026	7989.233176090439
2977	2025-03-04	921929	16:39:00	Vehicle - Pedestrian	Pedestrian	BROAD ST	BROAD ST	2025-03-04	Unknown	Dry	Daylight	Clear	Not a Collision Between Two Motor Vehicles in Transport	Yes, M/V and Driver Left Scene	No Controls	1	1	Complains Of Pain	1	NA	41.81003	-71.42108	FALSE	FALSE	Broad Street and Broad Street, Providence, RI, USA	FALSE	-71.4174197	41.8004646	route	geometric_center	broad st, providence, ri, usa	NA	NA	NA	NA	41.8004646	-71.4174197	1107.286389989498
2980	2025-03-04	921888	04:48:00	Vehicle - Pedestrian	Pedestrian	friendship	PEARL ST	2025-03-04	One-Way Trafficway	Dry	Dark - Lighted	Clear	Rear End(Front-to-Rear)	No	No Controls	7	0	No Injury	4	NA	41.81335	-71.4177	FALSE	FALSE	Friendship and Pearl Street, Providence, RI, USA	FALSE	-71.4179148	41.8131624	route	geometric_center	pearl st, providence, ri, usa	Friendship Street & Pearl Street, Providence, RI, USA	EjVGcmllbmRzaGlwIFN0cmVldCAmIFBlYXJsIFN0cmVldCwgUHJvdmlkZW5jZSwgUkksIFVTQSJmImQKFAoSCf1RytVvReSJEbGipg6IbPljEhQKEgn9UcrVb0XkiRGxoqYOiGz5YxoUChIJL5ZgT2xF5IkRF4JBJvEmvYYaFAoSCQ2bhTRuReSJEbqh7XXlSlUKIgoNqC7sGBW0fW7V	41.8131624	-71.41791479999999	41.8131624	-71.41791479999999	27.454240611055877
3010	2025-03-02	921932	19:40:00	Vehicle - Pedestrian	Pedestrian	ARMINGTON AVE	ACADEMY AVE	2025-03-05	Two-Way , Not Divided	Dry	Dark - Unknown Lighting	Clear	Other	No	Unknown	3	0	No Injury	1	NA	41.82725	-71.44371	FALSE	FALSE	Armington Ave and Academy Ave, Providence, RI, USA	FALSE	-71.4437269	41.8272558	intersection	geometric_center	academy ave & armington ave, providence, ri 02908, usa	NA	NA	NA	NA	41.8272558	-71.4437269	1.5434049337745177
3048	2025-03-01	921807	13:05:00	Vehicle - Pedestrian	Pedestrian	BROAD ST	SUMTER ST	2025-03-01	Two-Way , Not Divided	Wet	Daylight	Cloudy	Not a Collision Between Two Motor Vehicles in Transport	No	No Controls	3	0	No Injury	1	NA	41.79769	-71.41405	FALSE	FALSE	Broad Street and Sumter Street, Providence, RI, USA	FALSE	-71.4141256	41.7977795	intersection	geometric_center	sumter st & broad st, providence, ri 02905, usa	NA	NA	NA	NA	41.7977795	-71.4141256	11.77394900260877
3072	2025-02-28	921747	07:52:00	Vehicle - Pedestrian	Pedestrian	SUMMER STREET	MEADOW ST	2025-02-28	One-Way Trafficway	Dry	Daylight	Clear	Angle - Direction Not Specified	Yes, M/V and Driver Left Scene	No Controls	2	0	Unknown	2	NA	41.81501	-71.41805	FALSE	FALSE	Summer Street and Meadow Street, Providence, RI, USA	FALSE	-71.4184169	41.8147615	route	geometric_center	meadow st, providence, ri 02903, usa	Summer Street & Meadow Street, Providence, RI, USA	EjJTdW1tZXIgU3RyZWV0ICYgTWVhZG93IFN0cmVldCwgUHJvdmlkZW5jZSwgUkksIFVTQSJmImQKFAoSCVtxfeJxReSJEcnXhwT8ITpOEhQKEglbcX3icUXkiRHJ14cE_CE6ThoUChIJK3FeA25F5IkRyefO0wBi6GUaFAoSCRFwyuBxReSJEcgZGqrpBPliIgoNwHnsGBUidm7V	41.8150848	-71.4181086	41.8150848	-71.4181086	9.642166106515587
3090	2025-02-28	921792	21:13:00	Vehicle - Pedestrian	Pedestrian	MONTICELLO ST	OPPER ST	2025-02-28	Two-Way , Not Divided	Dry	Dark - Not Lighted	Clear	Not a Collision Between Two Motor Vehicles in Transport	Yes, M/V and Driver Left Scene	No Controls	1	1	Complains Of Pain	1	NA	41.85227	-71.42309	FALSE	FALSE	Monticello Street and Opper Street, Providence, RI, USA	FALSE	-71.4230103	41.8522469	intersection	geometric_center	monticello st & opper st, providence, ri 02904, usa	NA	NA	NA	NA	41.8522469	-71.4230103	7.091258854750455
3113	2025-02-27	921709	08:07:00	Vehicle - Pedestrian	Pedestrian	CHAPIN AVE	PARADE ST	2025-02-27	Two-Way, Divided, Positive Median Barrier	Dry	Daylight	Cloudy	Head-On (Front - to - Front)	No	No Controls	4	1	Complains Of Pain	1	NA	41.81189	-71.43122	FALSE	FALSE	Chapin Ave and Parade Street, Providence, RI, USA	FALSE	-71.4311693	41.8119172	intersection	geometric_center	chapin ave & parade st, providence, ri 02909, usa	NA	NA	NA	NA	41.8119172	-71.4311693	5.183018237383039
3116	2025-02-27	921716	12:34:00	Vehicle - Pedestrian	Bicycle	WASHINGTON ST	EDDY ST	2025-02-27	Two-Way , Not Divided	Wet	Daylight	Cloudy	Not a Collision Between Two Motor Vehicles in Transport	No	No Controls	3	1	Non-Incapacitating	1	NA	41.82401	-71.4134	FALSE	FALSE	Washington Street and Eddy Street, Providence, RI, USA	FALSE	-71.4072241	41.8059525	route	geometric_center	eddy st, providence, ri, usa	Washington Street & Eddy Street, Providence, RI, USA	EjRXYXNoaW5ndG9uIFN0cmVldCAmIEVkZHkgU3RyZWV0LCBQcm92aWRlbmNlLCBSSSwgVVNBImYiZAoUChIJYTKH6BNF5IkR5kp7LeyaeroSFAoSCWEyh-gTReSJEeZKey3smnq6GhQKEgmp2s2cEkXkiREaB9CWoxI09hoUChIJO0x4GWdF5IkRbcddUVrUSsgiCg0y1-0YFTstb9U	41.8240306	-71.4134213	41.8240306	-71.4134213	2.894953506623813
3125	2025-02-27	921739	16:27:00	Vehicle - Pedestrian	Pedestrian	Diamond St	HOLLIS ST	2025-02-27	Two-Way , Not Divided	Wet	Daylight	Rain	Other	No	No Controls	3	1	Complains Of Pain	1	NA	41.81044	-71.42959	FALSE	FALSE	Diamond Street and Hollis Street, Providence, RI, USA	FALSE	-71.4296461	41.81059279999999	intersection	geometric_center	hollis st & diamond st, providence, ri 02907, usa	NA	NA	NA	NA	41.81059279999999	-71.4296461	17.63501680999409
3159	2025-02-26	921771	20:30:00	Vehicle - Pedestrian	Pedestrian	ANGELL ST	BROWN ST	2025-02-28	One-Way Trafficway	Dry	Dark - Unknown Lighting	Clear	Other	No	Unknown	3	1	Complains Of Pain	1	NA	41.82786	-71.40319	FALSE	FALSE	Angell Street and Brown Street, Providence, RI, USA	FALSE	-71.40315989999999	41.8278808	intersection	geometric_center	brown st & angell st, providence, ri 02906, usa	NA	NA	NA	NA	41.8278808	-71.40315989999999	3.405181153238977
3163	2025-02-25	921678	12:51:00	Vehicle - Pedestrian	Pedestrian	THAYER STREET	BOWEN ST	2025-02-26	One-Way Trafficway	Dry	Daylight	Clear	Unknown	Yes, M/V and Driver Left Scene	No Controls	2	0	Unknown	2	NA	41.83049	-71.40096	FALSE	FALSE	Thayer Street and Bowen Street, Providence, RI, USA	FALSE	-71.4009903	41.8308364	intersection	geometric_center	thayer st & bowen st, providence, ri 02906, usa	NA	NA	NA	NA	41.8308364	-71.4009903	38.64288786561423
3175	2025-02-25	921641	11:12:00	Vehicle - Pedestrian	Bicycle	VANDEWATER STREET	BRANCH AVENUE	2025-02-25	Two-Way , Not Divided	Dry	Daylight	Clear	Angle (Front - to - Side) Right Angle (Includes Broadside)	No	No Controls	3	0	No Injury	1	2	NA	NA	FALSE	FALSE	Vandewater Street and Branch Avenue, Providence, RI, USA	FALSE	-71.42882759999999	41.8536916	intersection	geometric_center	vandewater st & branch ave, providence, ri 02904, usa	NA	NA	NA	NA	41.8536916	-71.42882759999999	NA
3188	2025-02-25	921665	22:54:00	Vehicle - Pedestrian	Pedestrian	ABRAM ST	BRANCH AVE	2025-02-26	Two-Way , Not Divided	Wet	Dark - Lighted	Clear	Not a Collision Between Two Motor Vehicles in Transport	No	No Controls	2	1	Complains Of Pain	1	NA	41.85387	-71.4308	FALSE	FALSE	Abram Street and Branch Ave, Providence, RI, USA	FALSE	-71.4306766	41.8541617	intersection	geometric_center	branch ave & abram st, providence, ri 02904, usa	NA	NA	NA	NA	41.8541617	-71.4306766	34.04577042659053
3206	2025-02-24	921634	09:00:00	Vehicle - Pedestrian	Pedestrian	EARL ST	ELMWOOD AVE	2025-02-25	Unknown	Dry	Daylight	Clear	Angle (Front - to - Side) Same Direction	No	Unknown	3	0	No Injury	1	NA	41.79809	-71.42618	FALSE	FALSE	Earl Street and Elmwood Ave, Providence, RI, USA	FALSE	-71.4246181	41.795266	route	geometric_center	elmwood ave, providence, ri, usa	Earl Street & Elmwood Ave, Providence, RI, USA	Ei5FYXJsIFN0cmVldCAmIEVsbXdvb2QgQXZlLCBQcm92aWRlbmNlLCBSSSwgVVNBImYiZAoUChIJbe4sfYFP5IkRE45XsdSIn1cSFAoSCW3uLH2BT-SJEROOV7HUiJ9XGhQKEgmFtZgqgk_kiRGdPzZmVKE0ohoUChIJd9Bt7aNP5IkR8TzpMwfPoe8iCg2j4ukYFSw5bdU	41.7981091	-71.42622279999999	41.7981091	-71.42622279999999	4.139658912626138
3280	2025-02-20	921521	15:08:00	Vehicle - Pedestrian	Pedestrian	BROAD ST	MONTGOMERY AVE	2025-02-20	Two-Way , Not Divided	Dry	Daylight	Cloudy	Not a Collision Between Two Motor Vehicles in Transport	No	Pavement Markings	3	1	Complains Of Pain	1	NA	41.78592	-71.40168	FALSE	FALSE	Broad Street and Montgomery Ave, Providence, RI, USA	FALSE	-71.4016731	41.78589909999999	intersection	geometric_center	montgomery ave & broad st, providence, ri 02905, usa	NA	NA	NA	NA	41.78589909999999	-71.4016731	2.396034455447166
3314	2025-02-17	921456	10:57:00	Vehicle - Pedestrian	Pedestrian	DUDLEY ST	CULVER ST	2025-02-17	Two-Way , Not Divided	Dry	Daylight	Severe Crosswinds	Not a Collision Between Two Motor Vehicles in Transport	No	No Controls	4	1	Incapacitating	1	NA	41.81061	-71.40852	FALSE	FALSE	Dudley Street and Culver Street, Providence, RI, USA	FALSE	-71.4086571	41.81061649999999	intersection	geometric_center	dudley st & culver st, providence, ri 02903, usa	NA	NA	NA	NA	41.81061649999999	-71.4086571	11.398486802597253
3319	2025-02-17	921463	14:31:00	Vehicle - Pedestrian	Pedestrian	COLONIAL RD	CAMP ST	2025-02-17	Two-Way , Not Divided	Dry	Daylight	Clear	Sideswipe, Same Direction	Yes, Driver Left Scene	No Controls	2	0	No Injury	2	NA	NA	NA	FALSE	FALSE	Colonial Rd and Camp Street, Providence, RI, USA	FALSE	-71.4007666	41.8471523	intersection	geometric_center	colonial rd & camp st, providence, ri 02906, usa	NA	NA	NA	NA	41.8471523	-71.4007666	NA
3323	2025-02-17	921467	22:35:00	Vehicle - Pedestrian	Pedestrian	BROAD ST	PINE ST	2025-02-17	Two-Way , Not Divided	Dry	Dark - Lighted	Clear	Not a Collision Between Two Motor Vehicles in Transport	Yes, M/V and Driver Left Scene	No Controls	1	1	Complains Of Pain	1	NA	41.81167	-71.42151	FALSE	FALSE	Broad Street and Pine Street, Providence, RI, USA	FALSE	-71.42125469999999	41.8107393	intersection	geometric_center	pine st & broad st, providence, ri 02907, usa	NA	NA	NA	NA	41.8107393	-71.42125469999999	105.74833297991628
3339	2025-02-16	921435	01:15:00	Vehicle - Pedestrian	Pedestrian	manton ave	DEARBORN ST	2025-02-16	Two-Way , Not Divided	Snow	Dark - Lighted	Snow	Not a Collision Between Two Motor Vehicles in Transport	Yes, Driver Left Scene	No Controls	1	0	Unknown	1	NA	41.82469	-71.45305	FALSE	FALSE	Manton Ave and Dearborn Street, Providence, RI, USA	FALSE	-71.4531336	41.82476339999999	intersection	geometric_center	dearborn st & manton ave, providence, ri 02909, usa	NA	NA	NA	NA	41.82476339999999	-71.4531336	10.717106377137425
3383	2025-02-14	921397	14:49:00	Vehicle - Pedestrian	Pedestrian	POCASSET AVE	WHAT CHEER AVE	2025-02-14	Two-Way , Not Divided	Dry	Daylight	Clear	Sideswipe, Same Direction	Yes, M/V and Driver Left Scene	No Controls	3	0	No Injury	2	NA	41.80687	-71.45678	FALSE	FALSE	Pocasset Ave and What Cheer Ave, Providence, RI, USA	FALSE	-71.4567453	41.806952	intersection	geometric_center	pocasset ave & what cheer ave, providence, ri 02909, usa	NA	NA	NA	NA	41.806952	-71.4567453	9.571540852461458
3386	2025-02-14	921392	15:14:00	Vehicle - Pedestrian	Pedestrian	YALE AVE	LEAH ST	2025-02-14	Two-Way , Not Divided	Dry	Daylight	Clear	Sideswipe, Same Direction	No	No Controls	8	0	No Injury	2	NA	41.82677	-71.45146	FALSE	FALSE	Yale Ave and Leah Street, Providence, RI, USA	FALSE	-71.45146729999999	41.826792	intersection	geometric_center	leah st & yale ave, providence, ri 02908, usa	NA	NA	NA	NA	41.826792	-71.45146729999999	2.5227814688557717
3407	2025-02-13	921350	09:30:00	Vehicle - Pedestrian	Pedestrian	DEXTER ST	CRANSTON ST	2025-02-13	Two-Way , Not Divided	Wet	Daylight	Rain	Not a Collision Between Two Motor Vehicles in Transport	Yes, M/V and Driver Left Scene	No Controls	2	1	Complains Of Pain	1	NA	41.81241	-71.4295	FALSE	FALSE	Dexter Street and Cranston Street, Providence, RI, USA	FALSE	-71.4295953	41.8126211	intersection	geometric_center	cranston st & dexter st, providence, ri 02907, usa	NA	NA	NA	NA	41.8126211	-71.4295953	24.794144198798744
3439	2025-02-12	921336	17:53:00	Vehicle - Pedestrian	Bicycle	ADMIRAL ST	CHARLES ST	2025-02-12	Two-Way , Not Divided	Dry	Dark - Lighted	Clear	Other	No	Traffic Control Signal	3	1	Complains Of Pain	1	NA	41.8407	-71.41747	FALSE	FALSE	Admiral Street and Charles Street, Providence, RI, USA	FALSE	-71.4173959	41.8407577	intersection	geometric_center	admiral st & charles st, providence, ri 02904, usa	NA	NA	NA	NA	41.8407577	-71.4173959	8.889433409698087
3505	2025-02-09	921229	00:30:00	Vehicle - Pedestrian	Pedestrian	AMES ST	ATWELLS AVE	2025-02-09	Two-Way , Not Divided	Snow	Dark - Lighted	Snow	Angle - Direction Not Specified	No	No Controls	4	1	Complains Of Pain	2	NA	41.82418	-71.43098	FALSE	FALSE	Ames Street and Atwells Ave, Providence, RI, USA	FALSE	-71.43097639999999	41.8239056	intersection	geometric_center	atwells ave & ames st, providence, ri 02909, usa	NA	NA	NA	NA	41.8239056	-71.43097639999999	30.547528072592108
3554	2025-02-07	921191	12:21:00	Vehicle - Pedestrian	Pedestrian	CHARLES ST	SOCIAL ST	2025-02-07	Two-Way , Not Divided	Dry	Daylight	Clear	Not a Collision Between Two Motor Vehicles in Transport	No	No Controls	3	1	Fatal	1	NA	41.85378	-71.42052	FALSE	FALSE	Charles Street and Social Street, Providence, RI, USA	FALSE	-71.4205514	41.8539865	route	geometric_center	social st, providence, ri 02904, usa	NA	NA	NA	NA	41.8539865	-71.4205514	23.134445501415488
3578	2025-02-06	921177	21:20:00	Vehicle - Pedestrian	Scooter	BROAD ST	LAURA ST	2025-02-06	Two-Way , Not Divided	Dry	Dark - Lighted	Clear	Head-On (Front - to - Front)	Yes, M/V and Driver Left Scene	No Controls	2	1	Complains Of Pain	1	NA	41.80232	-71.41871	FALSE	FALSE	Broad Street and Laura Street, Providence, RI, USA	FALSE	-71.4186884	41.8023354	intersection	geometric_center	laura st & broad st, providence, ri 02907, usa	NA	NA	NA	NA	41.8023354	-71.4186884	2.4802637974200223
3601	2025-02-05	921137	07:53:00	Vehicle - Pedestrian	Pedestrian	HARTFORD AVE	LAUREL HILL AVE	2025-02-05	Two-Way, Divided, Unprotected (painted>4feet) Medium	Dry	Daylight	Clear	Not a Collision Between Two Motor Vehicles in Transport	No	Pavement Markings	3	1	Complains Of Pain	1	NA	41.81795	-71.45532	FALSE	FALSE	Hartford Ave and Laurel Hill Ave, Providence, RI, USA	FALSE	-71.4553147	41.8179563	intersection	geometric_center	laurel hill ave & hartford ave, providence, ri 02909, usa	NA	NA	NA	NA	41.8179563	-71.4553147	0.827754800669352
3610	2025-02-04	921162	14:05:00	Vehicle - Pedestrian	Pedestrian	ORANGE ST	CLIFFORD ST	2025-02-06	One-Way Trafficway	Dry	Daylight	Clear	Sideswipe, Same Direction	No	Stop Signs	4	0	No Injury	2	NA	41.82204	-71.40841	FALSE	FALSE	Orange Street and Clifford Street, Providence, RI, USA	FALSE	-71.411465	41.8188242	route	geometric_center	clifford st, providence, ri 02903, usa	Orange Street & Clifford Street, Providence, RI, USA	EjRPcmFuZ2UgU3RyZWV0ICYgQ2xpZmZvcmQgU3RyZWV0LCBQcm92aWRlbmNlLCBSSSwgVVNBImYiZAoUChIJMx2vuhVF5IkRDVg69EEXWZASFAoSCTMdr7oVReSJEQ1YOvRBF1mQGhQKEgmflpg3FEXkiRHigSEom_QEuxoUChIJZyqQyBRF5IkR1x2mHDkn5EgiCg16ie0YFRLyb9U	41.822041	-71.40838219999999	41.822041	-71.40838219999999	2.308902485184866
3622	2025-02-04	921109	12:55:00	Vehicle - Pedestrian	Pedestrian	UNION AVE	POCASSET AVE	2025-02-04	Two-Way , Not Divided	Dry	Daylight	Clear	Not a Collision Between Two Motor Vehicles in Transport	No	No Controls	2	1	Complains Of Pain	1	NA	41.80639	-71.45714	FALSE	FALSE	Union Ave and Pocasset Ave, Providence, RI, USA	FALSE	-71.4571188	41.8064042	intersection	geometric_center	pocasset ave & union ave, providence, ri 02909, usa	NA	NA	NA	NA	41.8064042	-71.4571188	2.3650072222569833
3629	2025-02-04	922852	11:00:00	Vehicle - Pedestrian	Pedestrian	700 HARTFORD AVE	KILLINGLY ST	2025-04-02	Two-Way , Not Divided	Dry	Daylight	Clear	Rear End(Front-to-Rear)	Yes, M/V and Driver Left Scene	Traffic Control Signal	3	0	No Injury	2	NA	41.81999	-71.46891	TRUE	FALSE	700 Hartford Ave, Providence, RI, USA	FALSE	-71.4683108	41.8196745	premise	rooftop	700 hartford ave, providence, ri 02909, usa	NA	NA	NA	NA	41.8196745	-71.4683108	60.865197776783184